INSERT INTO IDS_USED (NAME, ID) VALUES ('Cintas_CUSTOMERORDER_id1', hibernate_sequence.nextval);
INSERT INTO IDS_USED (NAME, ID) VALUES ('Cintas_LINEITEM_id1', hibernate_sequence.nextval);
INSERT INTO IDS_USED (NAME, ID) VALUES ('Cintas_SHIPMENT_id1a', hibernate_sequence.nextval);
INSERT INTO IDS_USED (NAME, ID) VALUES ('Cintas_SHIPMENT_id1b', hibernate_sequence.nextval);
INSERT INTO IDS_USED (NAME, ID) VALUES ('Cintas_SHIPMENT_id1c', hibernate_sequence.nextval);

INSERT INTO IDS_USED (NAME, ID) VALUES ('Cintas_CUSTOMERORDER_id2', hibernate_sequence.nextval);
INSERT INTO IDS_USED (NAME, ID) VALUES ('Cintas_LINEITEM_id2', hibernate_sequence.nextval);
INSERT INTO IDS_USED (NAME, ID) VALUES ('Cintas_SHIPMENT_id2', hibernate_sequence.nextval);

INSERT INTO IDS_USED (NAME, ID) VALUES ('Cintas_LINEITEM_id3', hibernate_sequence.nextval);

INSERT INTO IDS_USED (NAME, ID) VALUES ('Cintas_Root_CUSTOMERORDER_id1', hibernate_sequence.nextval);
INSERT INTO IDS_USED (NAME, ID) VALUES ('Cintas_Root_LINEITEM_id1', hibernate_sequence.nextval);
INSERT INTO IDS_USED (NAME, ID) VALUES ('Cintas_Root_SHIPMENT_id1a', hibernate_sequence.nextval);

INSERT INTO CUSTOMERORDER (ID, VERSION, ACCOUNT_ID, CARDINFORMATION_ID, ASSIGNEDCOSTCENTER_ID, CREDENTIAL_ID, PARENTORDER_ID, PAYMENTINFORMATION_ID, STATUS_ID, USER_ID, ORDERTOTAL, WILLCALLEDIOVERRIDE, WRAPANDLABEL, ADOT) 
	VALUES (
	(SELECT var.ID FROM IDS_USED var WHERE var.NAME LIKE 'Cintas_CUSTOMERORDER_id1'), 0,
	(SELECT a.ID FROM ACCOUNT a WHERE a.NAME LIKE 'Cintas Youngstown'), 
	(select c.id from CARDINFORMATION c where c.CARDVAULTTOKEN like '5678'), 
	(select cc.id from COSTCENTER cc where cc.NAME like 'Cintas Cost Center'), 
	(SELECT cred.id FROM CREDENTIAL cred WHERE cred.name LIKE 'Cintas/APDStore'), 
	null, 
	(SELECT var.ID FROM IDS_USED var WHERE var.NAME LIKE 'cintas_young_pay_id'), 
	(SELECT os.ID FROM ORDERSTATUS os WHERE os.Value LIKE 'APPROVED'), 
	(SELECT u.ID FROM SYSTEMUSER u WHERE u.LOGIN LIKE 'maloneyj'),
	1879.95, 0, 0, 0);

	
INSERT INTO CUSTOMERORDER (ID, VERSION, ACCOUNT_ID, CARDINFORMATION_ID, ASSIGNEDCOSTCENTER_ID, CREDENTIAL_ID, PARENTORDER_ID, PAYMENTINFORMATION_ID, STATUS_ID, USER_ID, ORDERTOTAL, WILLCALLEDIOVERRIDE, WRAPANDLABEL, ADOT) 
	VALUES (
	(SELECT var.ID FROM IDS_USED var WHERE var.NAME LIKE 'Cintas_CUSTOMERORDER_id2'), 0,
	(SELECT a.ID FROM ACCOUNT a WHERE a.NAME LIKE 'Cintas Youngstown'), 
	(select c.id from CARDINFORMATION c where c.CARDVAULTTOKEN like '5678'), 
	(select cc.id from COSTCENTER cc where cc.NAME like 'Cintas Cost Center'), 
	(SELECT cred.id FROM CREDENTIAL cred WHERE cred.name LIKE 'Cintas/APDStore'), 
	null, 
	(SELECT var.ID FROM IDS_USED var WHERE var.NAME LIKE 'cintas_young_pay_id'), 
	(SELECT os.ID FROM ORDERSTATUS os WHERE os.Value LIKE 'APPROVED'), 
	(SELECT u.ID FROM SYSTEMUSER u WHERE u.LOGIN LIKE 'maloneyj'),
	5292.30, 0, 0, 0);
	
INSERT INTO CUSTOMERORDER (ID, VERSION, ACCOUNT_ID, CARDINFORMATION_ID, ASSIGNEDCOSTCENTER_ID, CREDENTIAL_ID, PARENTORDER_ID, PAYMENTINFORMATION_ID, STATUS_ID, USER_ID, ORDERTOTAL, WILLCALLEDIOVERRIDE, WRAPANDLABEL, ADOT) 
	VALUES (
	(SELECT var.ID FROM IDS_USED var WHERE var.NAME LIKE 'Cintas_Root_CUSTOMERORDER_id1'), 0,
	(SELECT a.ID FROM ACCOUNT a WHERE a.NAME = 'Cintas'), 
	null, 
	null, 
	null, 
	null, 
	null, 
	(SELECT os.ID FROM ORDERSTATUS os WHERE os.Value LIKE 'APPROVED'), 
	null,
	1829.85, 0, 0, 0);
	
INSERT INTO PONUMBER_CUSTOMERORDER (PONUMBERS_ID, ORDERS_ID) 
	VALUES ((SELECT var.ID FROM IDS_USED var WHERE var.NAME LIKE 'po_id1'), 
	(SELECT var.ID FROM IDS_USED var WHERE var.NAME LIKE 'Cintas_CUSTOMERORDER_id1'));
INSERT INTO PONUMBER_CUSTOMERORDER (PONUMBERS_ID, ORDERS_ID) 
	VALUES ((SELECT var.ID FROM IDS_USED var WHERE var.NAME LIKE 'po_id2'), 
	(SELECT var.ID FROM IDS_USED var WHERE var.NAME LIKE 'Cintas_CUSTOMERORDER_id1'));
INSERT INTO PONUMBER_CUSTOMERORDER (PONUMBERS_ID, ORDERS_ID) 
	VALUES ((SELECT var.ID FROM IDS_USED var WHERE var.NAME LIKE 'po_id1'), 
	(SELECT var.ID FROM IDS_USED var WHERE var.NAME LIKE 'Cintas_CUSTOMERORDER_id2'));
INSERT INTO PONUMBER_CUSTOMERORDER (PONUMBERS_ID, ORDERS_ID) 
	VALUES ((SELECT var.ID FROM IDS_USED var WHERE var.NAME LIKE 'po_id2'), 
	(SELECT var.ID FROM IDS_USED var WHERE var.NAME LIKE 'Cintas_CUSTOMERORDER_id2'));
	
INSERT INTO LINEITEM (ID, CORE, DESCRIPTION, ITEMTYPE, MANUFACTURERNAME, MANUFACTURERPARTID, QUANTITY, ESTIMATEDSHIPPINGAMOUNT, SHORTNAME, SUPPLIERPARTID, TAXABLE, UNITPRICE, VERSION, CATEGORY_ID, ITEM_ID, ORDER_ID, UNITOFMEASURE_ID, VENDOR_ID)
	VALUES ((SELECT used.ID FROM IDS_USED used WHERE used.NAME = 'Cintas_LINEITEM_id1'),
		1, 'Appointment book', 'ITEM', 'AT-A-GLANCE', 'AAG70EP0105', 100, 59.85, 
		'AT-A-GLANCE® The Action Planner® Weekly Appointment Book', 'AAG70EP0105', 1, 18.20, 0, 
		(SELECT itemcat.ID FROM ITEMCATEGORY itemcat WHERE itemcat.NAME = 'Office/Desk Accessories'), 
		(SELECT i.ID FROM ITEM i WHERE i.NAME = 'AT-A-GLANCE® The Action Planner® Weekly Appointment Book'),
		(SELECT var.ID FROM IDS_USED var WHERE var.NAME LIKE 'Cintas_CUSTOMERORDER_id1'), 
		(SELECT u.ID FROM UNITOFMEASURE u WHERE u.NAME = 'EA'),
		(SELECT v.ID FROM VENDOR v WHERE v.NAME = 'USSCO'));
	
INSERT INTO LINEITEM (ID, CORE, DESCRIPTION, ITEMTYPE, MANUFACTURERNAME, MANUFACTURERPARTID, QUANTITY, ESTIMATEDSHIPPINGAMOUNT, SHORTNAME, SUPPLIERPARTID, TAXABLE, UNITPRICE, VERSION, CATEGORY_ID, ITEM_ID, ORDER_ID, UNITOFMEASURE_ID, VENDOR_ID)
	VALUES ((SELECT used.ID FROM IDS_USED used WHERE used.NAME = 'Cintas_LINEITEM_id2'),
		1, 'Box of pencils', 'ITEM', 'Faber-Castell', 'FC2Pencils100', 50, 19.85, 
		'Faber-Castell #2 Pencils', 'FC2Pencils100', 1, 3.95, 0, 
		(SELECT itemcat.ID FROM ITEMCATEGORY itemcat WHERE itemcat.NAME = 'Writing Instruments'), 
		(SELECT i.ID FROM ITEM i WHERE i.NAME LIKE 'FC2Pencils100'),
		(SELECT var.ID FROM IDS_USED var WHERE var.NAME LIKE 'Cintas_CUSTOMERORDER_id2'), 
		(SELECT u.ID FROM UNITOFMEASURE u WHERE u.NAME = 'BX'),
		(SELECT v.ID FROM VENDOR v WHERE v.NAME = 'USSCO'));
	
	INSERT INTO LINEITEM (ID, CORE, DESCRIPTION, ITEMTYPE, MANUFACTURERNAME, MANUFACTURERPARTID, QUANTITY, ESTIMATEDSHIPPINGAMOUNT, SHORTNAME, SUPPLIERPARTID, TAXABLE, UNITPRICE, VERSION, CATEGORY_ID, ITEM_ID, ORDER_ID, UNITOFMEASURE_ID, VENDOR_ID)
	VALUES ((SELECT used.ID FROM IDS_USED used WHERE used.NAME = 'Cintas_LINEITEM_id3'),
		1, 'Pack of Paper', 'ITEM', 'Hewlett-Packard', 'HP_MPPaper500', 500, 99.85, 
		'HP Multipurpose Paper', 'HP_MPPaper500', 1, 9.95, 0, 
		(SELECT itemcat.ID FROM ITEMCATEGORY itemcat WHERE itemcat.NAME = 'Paper'), 
		(SELECT i.ID FROM ITEM i WHERE i.NAME = 'HP_MPPaper500'),
		(SELECT var.ID FROM IDS_USED var WHERE var.NAME LIKE 'Cintas_CUSTOMERORDER_id2'), 
		(SELECT u.ID FROM UNITOFMEASURE u WHERE u.NAME = 'PK'),
		(SELECT v.ID FROM VENDOR v WHERE v.NAME = 'USSCO'));

--root Order
INSERT INTO LINEITEM (ID, CORE, DESCRIPTION, ITEMTYPE, MANUFACTURERNAME, MANUFACTURERPARTID, QUANTITY, ESTIMATEDSHIPPINGAMOUNT, SHORTNAME, SUPPLIERPARTID, TAXABLE, UNITPRICE, VERSION, CATEGORY_ID, ITEM_ID, ORDER_ID, UNITOFMEASURE_ID, VENDOR_ID)
	VALUES ((SELECT used.ID FROM IDS_USED used WHERE used.NAME = 'Cintas_Root_LINEITEM_id1'),
		1, 'Appointment book', 'ITEM', 'AT-A-GLANCE', 'AAG70EP0105', 10, 9.85, 
		'AT-A-GLANCE® The Action Planner® Weekly Appointment Book', 'AAG70EP0105', 1, 18.20, 0, 
		(SELECT itemcat.ID FROM ITEMCATEGORY itemcat WHERE itemcat.NAME = 'Office/Desk Accessories'), 
		(SELECT i.ID FROM ITEM i WHERE i.NAME = 'AT-A-GLANCE® The Action Planner® Weekly Appointment Book'),
		(SELECT var.ID FROM IDS_USED var WHERE var.NAME LIKE 'Cintas_Root_CUSTOMERORDER_id1'), 
		(SELECT u.ID FROM UNITOFMEASURE u WHERE u.NAME = 'EA'),
		(SELECT v.ID FROM VENDOR v WHERE v.NAME = 'USSCO'));

INSERT INTO SHIPMENT (ID, DELIVEREDTIME, SHIPTIME, TRACKINGNUMBER, VERSION, ADDRESS_ID, ORDER_ID, PARENTSHIPMENT_ID, SHIPPINGPARTNER_ID) 
	VALUES ((SELECT var.ID FROM IDS_USED var WHERE var.NAME LIKE 'Cintas_SHIPMENT_id1a'),
	'29-Apr-2013', '25-Apr-2013', '1Z28830W0300374895', 0, 
	(SELECT var.ID FROM IDS_USED var WHERE var.NAME LIKE 'cintas_address_young'), 
	(SELECT var.ID FROM IDS_USED var WHERE var.NAME LIKE 'Cintas_CUSTOMERORDER_id1'), 
 	null,
	null);
	
INSERT INTO SHIPMENT (ID, DELIVEREDTIME, SHIPTIME, TRACKINGNUMBER, VERSION, ADDRESS_ID, ORDER_ID, PARENTSHIPMENT_ID, SHIPPINGPARTNER_ID) 
	VALUES ((SELECT var.ID FROM IDS_USED var WHERE var.NAME LIKE 'Cintas_SHIPMENT_id1b'),
	'30-Apr-2013', '27-Apr-2013', '1Z54488E1200766752', 0, 
	(SELECT var.ID FROM IDS_USED var WHERE var.NAME LIKE 'cintas_address_young'), 
	(SELECT var.ID FROM IDS_USED var WHERE var.NAME LIKE 'Cintas_CUSTOMERORDER_id1'), 
	(SELECT var.ID FROM IDS_USED var WHERE var.NAME LIKE 'Cintas_SHIPMENT_id1a'), 
	null);
	
INSERT INTO SHIPMENT (ID, DELIVEREDTIME, SHIPTIME, TRACKINGNUMBER, VERSION, ADDRESS_ID, ORDER_ID, PARENTSHIPMENT_ID, SHIPPINGPARTNER_ID) 
	VALUES ((SELECT var.ID FROM IDS_USED var WHERE var.NAME LIKE 'Cintas_SHIPMENT_id1c'),
	'18-May-2013', '15-May-2013', '1Z17730E0300574761', 0, 
	(SELECT var.ID FROM IDS_USED var WHERE var.NAME LIKE 'cintas_address_young'), 
	(SELECT var.ID FROM IDS_USED var WHERE var.NAME LIKE 'Cintas_CUSTOMERORDER_id1'), 
	(SELECT var.ID FROM IDS_USED var WHERE var.NAME LIKE 'Cintas_SHIPMENT_id1a'), 
	null);
	

INSERT INTO SHIPMENT (ID, DELIVEREDTIME, SHIPTIME, TRACKINGNUMBER, VERSION, ADDRESS_ID, ORDER_ID, PARENTSHIPMENT_ID, SHIPPINGPARTNER_ID) 
	VALUES ((SELECT var.ID FROM IDS_USED var WHERE var.NAME LIKE 'Cintas_SHIPMENT_id2'),
	'30-Jun-2013', '26-Jun-2013', '1Z45780E0910574978', 0, 
	(SELECT var.ID FROM IDS_USED var WHERE var.NAME LIKE 'cintas_address_young'), 
	(SELECT var.ID FROM IDS_USED var WHERE var.NAME LIKE 'Cintas_CUSTOMERORDER_id2'), 
	null, 
	null);

--root Shipment
INSERT INTO SHIPMENT (ID, DELIVEREDTIME, SHIPTIME, TRACKINGNUMBER, VERSION, ADDRESS_ID, ORDER_ID, PARENTSHIPMENT_ID, SHIPPINGPARTNER_ID) 
	VALUES ((SELECT var.ID FROM IDS_USED var WHERE var.NAME LIKE 'Cintas_Root_SHIPMENT_id1a'),
	'01-Jun-2013', '05-Jun-2013', '1Z98765W1234598765', 0, 
	(SELECT var.ID FROM IDS_USED var WHERE var.NAME LIKE 'cintas_address_young'), 
	(SELECT var.ID FROM IDS_USED var WHERE var.NAME LIKE 'Cintas_Root_CUSTOMERORDER_id1'), 
 	null,
	null);
	
INSERT INTO LINEITEMXSHIPMENT (ID, QUANTITY, SHIPPING, VERSION, LINEITEM_ID, SHIPMENTS_ID)
	VALUES (hibernate_sequence.nextval, 20, 0, 0, 
		(SELECT used.ID FROM IDS_USED used WHERE used.NAME = 'Cintas_LINEITEM_id1'),
		(SELECT used.ID FROM IDS_USED used WHERE used.NAME = 'Cintas_SHIPMENT_id1a'));
	
INSERT INTO LINEITEMXSHIPMENT (ID, QUANTITY, SHIPPING, VERSION, LINEITEM_ID, SHIPMENTS_ID)
	VALUES (hibernate_sequence.nextval, 50, 0, 0, 
		(SELECT used.ID FROM IDS_USED used WHERE used.NAME = 'Cintas_LINEITEM_id1'),
		(SELECT used.ID FROM IDS_USED used WHERE used.NAME = 'Cintas_SHIPMENT_id1b'));
	
INSERT INTO LINEITEMXSHIPMENT (ID, QUANTITY, SHIPPING, VERSION, LINEITEM_ID, SHIPMENTS_ID)
	VALUES (hibernate_sequence.nextval, 30, 0, 0, 
		(SELECT used.ID FROM IDS_USED used WHERE used.NAME = 'Cintas_LINEITEM_id1'),
		(SELECT used.ID FROM IDS_USED used WHERE used.NAME = 'Cintas_SHIPMENT_id1c'));
	
INSERT INTO LINEITEMXSHIPMENT (ID, QUANTITY, SHIPPING, VERSION, LINEITEM_ID, SHIPMENTS_ID)
	VALUES (hibernate_sequence.nextval, 50, 0, 0, 
		(SELECT used.ID FROM IDS_USED used WHERE used.NAME = 'Cintas_LINEITEM_id2'),
		(SELECT used.ID FROM IDS_USED used WHERE used.NAME = 'Cintas_SHIPMENT_id2'));
	
INSERT INTO LINEITEMXSHIPMENT (ID, QUANTITY, SHIPPING, VERSION, LINEITEM_ID, SHIPMENTS_ID)
	VALUES (hibernate_sequence.nextval, 500, 0, 0, 
		(SELECT used.ID FROM IDS_USED used WHERE used.NAME = 'Cintas_LINEITEM_id3'),
		(SELECT used.ID FROM IDS_USED used WHERE used.NAME = 'Cintas_SHIPMENT_id2'));
		
--root LINEITEMXSHIPMENT
INSERT INTO LINEITEMXSHIPMENT (ID, QUANTITY, SHIPPING, VERSION, LINEITEM_ID, SHIPMENTS_ID)
	VALUES (hibernate_sequence.nextval, 10, 0, 0, 
		(SELECT used.ID FROM IDS_USED used WHERE used.NAME = 'Cintas_Root_LINEITEM_id1'),
		(SELECT used.ID FROM IDS_USED used WHERE used.NAME = 'Cintas_Root_SHIPMENT_id1a'));
